Theta1,Theta2,Theta3,U,V,R,X,Y,Z
0,90,50,110,210,12,94.6,31.0,243.6
0,90,55,100,208,10,81.5,47.2,194.4
0,90,60,52,146,11,145.9,86.6,221.2
0,90,65,48,144,12,149.6,82.7,243.6
0,90,70,86,212,14,104.0,43.7,278.8
0,90,75,34,142,12,151.3,94.4,243.6
0,95,50,,,,,,
0,95,55,52,142,11,149.6,86.6,221.2
0,95,60,48,140,11,151.4,90.2,221.2
0,95,65,82,202,13,106.6,50.2,262.6
0,95,70,32,136,12,156.3,96.0,243.6
0,95,75,78,204,12,99.6,57.7,243.6
0,100,50,,,,,,
0,100,55,48,132,11,158.6,90.2,221.2
0,100,60,40,128,11,162.3,97.5,221.2
0,100,65,82,196,14,115.4,46.6,278.8
0,100,70,74,192,14,118.2,52.3,278.8
0,100,75,68,198,17,123.8,46.6,316.1
0,105,50,56,130,11,160.5,83.0,221.2
0,105,55,40,122,11,167.7,97.5,221.2
0,105,60,72,178,12,121.3,62.7,243.6
0,105,65,72,184,18,134.2,41.8,325.8
0,105,70,64,180,13,123.5,64.0,262.6
0,105,75,58,186,17,130.9,52.5,316.1
0,110,50,,,,,,
0,110,55,32,112,11,176.8,104.8,221.2
0,110,60,60,168,12,129.6,72.7,243.6
0,110,65,60,172,17,139.1,51.3,316.1
0,110,70,54,166,14,136.8,66.6,278.8
0,110,75,46,172,14,132.5,72.3,278.8
0,115,50,74,164,12,132.9,61.0,243.6
0,115,55,60,160,12,136.3,72.7,243.6
0,115,60,56,160,14,141.1,65.2,278.8
0,115,65,50,162,15,141.7,64.8,292.9
0,115,70,48,156,12,139.6,82.7,243.6
0,115,75,38,154,16,148.5,68.3,305.2
0,120,50,,,,,,
0,120,55,52,150,13,146.6,73.3,262.6
0,120,60,48,148,14,149.7,70.9,278.8
0,120,65,48,150,19,154.0,52.2,334.4
0,120,70,38,152,18,152.0,60.7,325.8
0,120,75,36,148,19,155.0,58.6,334.4
0,125,50,60,146,13,149.6,67.1,262.6
0,125,55,44,140,11,151.4,93.9,221.2
0,125,60,42,136,11,155.0,95.7,221.2
0,125,65,,,,,,
0,125,70,32,136,15,159.0,76.8,292.9
0,125,75,22,134,15,160.3,83.5,292.9
0,130,50,58,134,14,159.7,63.7,278.8
0,130,55,48,134,18,162.0,55.1,325.8
0,130,60,38,126,12,164.6,91.0,243.6
0,130,65,34,128,17,165.0,66.6,316.1
0,130,70,30,126,19,166.6,61.7,334.4
0,130,75,,,,,,
0,135,50,54,126,12,164.6,77.7,243.6
0,135,55,38,118,11,171.4,99.3,221.2
0,135,60,,,,,,
0,135,65,28,114,12,174.6,99.4,243.6
0,135,70,20,116,15,172.3,84.8,292.9
0,135,75,,,,,,
0,140,50,52,120,11,169.6,86.6,221.2
0,140,55,36,114,14,173.9,79.5,278.8
0,140,60,28,110,12,177.9,99.4,243.6
0,140,65,,,,,,
0,140,70,18,102,11,185.9,117.5,221.2
0,140,75,,,,,,
0,145,50,48,114,12,174.6,82.7,243.6
0,145,55,34,102,12,184.6,94.4,243.6
0,145,60,26,102,12,184.6,101.0,243.6
0,145,65,22,98,11,189.5,113.9,221.2
0,145,70,18,96,12,189.6,107.7,243.6
0,145,75,,,,,,
0,150,50,82,226,19,114.0,34.3,334.4
0,150,55,84,224,17,108.6,37.2,316.1
0,150,60,86,224,17,108.6,36.0,316.1
0,150,65,88,226,18,110.9,32.9,325.8
0,150,70,90,224,17,108.6,33.7,316.1
0,150,75,84,224,15,100.4,42.2,292.9
0,155,50,80,210,17,116.8,39.6,316.1
0,155,55,82,214,18,117.5,36.2,325.8
0,155,60,82,212,16,112.2,40.8,305.2
0,155,65,,,,,,
0,155,70,82,212,13,98.9,50.2,262.6
0,155,75,96,232,18,107.5,28.5,325.8
5,90,50,,,,,,
5,90,55,104,204,11,93.2,39.3,221.2
5,90,60,100,204,11,93.2,43.0,221.2
5,90,65,100,204,13,105.0,36.3,262.6
5,90,70,92,210,13,100.4,42.5,262.6
5,90,75,90,208,11,89.6,52.0,221.2
5,95,50,,,,,,
5,95,55,60,136,11,155.0,79.3,221.2
5,95,60,96,198,14,114.0,36.6,278.8
5,95,65,96,200,19,127.7,27.0,334.4
5,95,70,90,206,17,119.1,33.7,316.1
5,95,75,88,198,11,98.7,53.9,221.2
5,100,50,72,136,11,155.0,68.4,221.2
5,100,55,94,190,16,126.0,33.3,305.2
5,100,60,90,190,17,128.6,33.7,316.1
5,100,65,86,188,18,132.0,34.0,325.8
5,100,70,82,190,14,119.7,46.6,278.8
5,100,75,,,,,,
5,105,50,94,180,13,123.5,41.0,262.6
5,105,55,82,174,10,115.5,65.2,194.4
5,105,60,82,178,17,135.6,38.4,316.1
5,105,65,72,174,14,131.1,53.8,278.8
5,105,70,72,176,18,138.6,41.8,325.8
5,105,75,68,178,18,137.5,44.0,325.8
5,110,50,92,174,10,115.5,55.2,194.4
5,110,55,,,,,,
5,110,60,74,166,16,141.0,45.8,305.2
5,110,65,78,170,13,131.2,53.3,262.6
5,110,70,,,,,,
5,110,75,,,,,,
5,115,50,86,166,12,131.3,51.0,243.6
5,115,55,68,156,14,143.9,56.6,278.8
5,115,60,62,152,12,142.9,71.0,243.6
5,115,65,56,152,11,140.5,83.0,221.2
5,115,70,58,152,16,149.7,55.8,305.2
5,115,75,52,156,19,150.8,50.1,334.4
5,120,50,76,152,14,146.8,50.9,278.8
5,120,55,66,146,15,152.3,54.2,292.9
5,120,60,62,142,17,156.8,50.1,316.1
5,120,65,58,142,17,156.8,52.5,316.1
5,120,70,52,144,14,152.5,68.0,278.8
5,120,75,44,134,11,156.8,93.9,221.2
5,125,50,70,144,13,151.2,59.4,262.6
5,125,55,,,,,,
5,125,60,50,130,14,162.5,69.5,278.8
5,125,65,,,,,,
5,125,70,44,132,17,162.7,60.7,316.1
5,125,75,38,128,16,164.7,68.3,305.2
5,130,50,68,134,11,156.8,72.0,221.2
5,130,55,52,124,15,167.0,63.5,292.9
5,130,60,46,118,12,171.3,84.4,243.6
5,130,65,38,120,11,169.6,99.3,221.2
5,130,70,36,122,17,168.5,65.4,316.1
5,130,75,30,114,14,173.9,83.7,278.8
5,135,50,60,122,11,167.7,79.3,221.2
5,135,55,54,120,14,169.7,66.6,278.8
5,135,60,46,114,15,173.7,67.5,292.9
5,135,65,40,112,16,174.7,67.0,305.2
5,135,70,28,106,13,180.4,91.7,262.6
5,135,75,,,,,,
5,140,50,58,112,14,175.4,63.7,278.8
5,140,55,44,106,12,181.3,86.0,243.6
5,140,60,42,102,11,185.9,95.7,221.2
5,140,65,34,98,12,187.9,94.4,243.6
5,140,70,28,100,15,183.0,79.5,292.9
5,140,75,24,98,13,186.5,94.8,262.6
5,145,50,96,230,19,111.9,27.0,334.4
5,145,55,44,102,14,182.5,73.8,278.8
5,145,60,36,100,16,182.2,69.5,305.2
5,145,65,34,90,11,196.8,103.0,221.2
5,145,70,,,,,,
5,145,75,20,90,14,191.1,90.9,278.8
5,150,50,86,222,19,116.1,32.2,334.4
5,150,55,42,90,14,191.1,75.2,278.8
5,150,60,42,94,11,193.2,95.7,221.2
5,150,65,92,220,18,114.2,30.7,325.8
5,150,70,94,220,18,114.2,29.6,325.8
5,150,75,90,222,13,91.2,44.0,262.6
5,155,50,84,210,17,116.8,37.2,316.1
5,155,55,38,88,13,194.2,84.0,262.6
5,155,60,40,88,12,196.2,89.4,243.6
5,155,65,32,82,13,198.8,88.7,262.6
5,155,70,88,210,17,116.8,34.9,316.1
5,155,75,22,76,10,213.5,125.2,194.4
10,90,50,118,206,17,119.1,17.2,316.1
10,90,55,76,136,11,155.0,64.8,221.2
10,90,60,72,132,11,158.6,68.4,221.2
10,90,65,64,130,10,159.5,83.2,194.4
10,90,70,106,208,18,120.9,22.9,325.8
10,90,75,100,210,19,122.4,24.9,334.4
10,95,50,120,200,16,119.7,17.0,305.2
10,95,55,72,128,12,162.9,62.7,243.6
10,95,60,66,126,11,164.1,73.9,221.2
10,95,65,106,194,18,128.6,22.9,325.8
10,95,70,94,196,11,100.5,48.4,221.2
10,95,75,92,196,15,119.0,36.8,292.9
10,100,50,108,186,11,109.6,35.7,221.2
10,100,55,100,180,11,115.0,43.0,221.2
10,100,60,60,116,11,173.2,79.3,221.2
10,100,65,98,186,14,122.5,35.2,278.8
10,100,70,94,182,10,107.5,53.2,194.4
10,100,75,86,188,16,127.2,38.3,305.2
10,105,50,108,180,11,115.0,35.7,221.2
10,105,55,60,106,12,181.3,72.7,243.6
10,105,60,88,166,10,123.5,59.2,194.4
10,105,65,88,166,15,139.0,39.5,292.9
10,105,70,86,168,17,141.5,36.0,316.1
10,105,75,80,170,17,140.3,39.6,316.1
10,110,50,98,170,15,136.4,32.8,292.9
10,110,55,88,156,11,136.8,53.9,221.2
10,110,60,84,158,15,144.3,42.2,292.9
10,110,65,78,160,16,144.7,43.3,305.2
10,110,70,70,158,12,137.9,64.4,243.6
10,110,75,68,160,13,138.9,61.0,262.6
10,115,50,96,160,11,133.2,46.6,221.2
10,115,55,80,146,13,149.6,51.7,262.6
10,115,60,80,144,12,149.6,56.0,243.6
10,115,65,76,142,18,157.5,39.6,325.8
10,115,70,72,148,18,154.2,41.8,325.8
10,115,75,60,146,13,149.6,67.1,262.6
10,120,50,86,140,10,149.5,61.2,194.4
10,120,55,78,140,15,156.3,46.2,292.9
10,120,60,74,138,16,158.4,45.8,305.2
10,120,65,72,132,18,163.1,41.8,325.8
10,120,70,62,130,12,161.3,71.0,243.6
10,120,75,60,134,16,160.9,54.5,305.2
10,125,50,80,132,11,158.6,61.1,221.2
10,125,55,68,128,12,162.9,66.0,243.6
10,125,60,66,124,13,166.5,62.5,262.6
10,125,65,,,,,,
10,125,70,,,,,,
10,125,75,54,118,14,171.1,66.6,278.8
10,130,50,78,126,10,163.5,69.2,194.4
10,130,55,66,116,12,172.9,67.7,243.6
10,130,60,62,110,11,178.6,77.5,221.2
10,130,65,54,110,13,177.3,71.7,262.6
10,130,70,,,,,,
10,130,75,48,106,12,181.3,82.7,243.6
10,135,50,74,118,13,171.2,56.3,262.6
10,135,55,68,110,12,177.9,66.0,243.6
10,135,60,58,104,14,181.1,63.7,278.8
10,135,65,54,98,11,189.5,84.8,221.2
10,135,70,,,,,,
10,135,75,48,96,18,183.1,55.1,325.8
10,140,50,,,,,,
10,140,55,64,102,11,185.9,75.7,221.2
10,140,60,56,96,16,184.7,57.0,305.2
10,140,65,52,90,11,196.8,86.6,221.2
10,140,70,48,92,15,188.3,66.2,292.9
10,140,75,,,,,,
10,145,50,66,100,11,187.7,73.9,221.2
10,145,55,56,90,12,194.6,76.0,243.6
10,145,60,52,90,15,189.7,63.5,292.9
10,145,65,,,,,,
10,145,70,96,226,14,94.0,36.6,278.8
10,145,75,40,82,12,201.2,89.4,243.6
10,150,50,68,94,11,193.2,72.0,221.2
10,150,55,,,,,,
10,150,60,62,216,17,113.3,50.1,316.1
10,150,65,48,80,16,194.7,62.0,305.2
10,150,70,,,,,,
10,150,75,,,,,,
10,155,50,,,,,,
10,155,55,94,208,19,123.4,28.0,334.4
10,155,60,98,204,19,125.5,25.9,334.4
10,155,65,52,78,11,207.7,86.6,221.2
10,155,70,98,204,17,120.3,29.0,316.1
10,155,75,36,68,14,206.8,79.5,278.8
15,90,50,124,202,11,95.0,21.1,221.2
15,90,55,86,130,11,160.5,55.7,221.2
15,90,60,82,126,12,164.6,54.4,243.6
15,90,65,80,124,14,166.8,48.0,278.8
15,90,70,72,124,13,166.5,57.9,262.6
15,90,75,,,,,,
15,95,50,124,192,10,97.5,23.2,194.4
15,95,55,82,122,11,167.7,59.3,221.2
15,95,60,78,120,12,169.6,57.7,243.6
15,95,65,72,116,11,173.2,68.4,221.2
15,95,70,112,188,12,112.9,29.4,243.6
15,95,75,110,192,17,127.4,21.9,316.1
15,100,50,90,124,11,165.9,52.0,221.2
15,100,55,116,184,15,127.0,20.8,292.9
15,100,60,74,106,11,182.3,66.6,221.2
15,100,65,68,108,12,179.6,66.0,243.6
15,100,70,102,178,15,131.0,30.2,292.9
15,100,75,98,184,13,120.4,37.9,262.6
15,105,50,116,176,11,118.7,28.4,221.2
15,105,55,72,100,11,187.7,68.4,221.2
15,105,60,98,166,13,134.3,37.9,262.6
15,105,65,62,92,12,192.9,71.0,243.6
15,105,70,92,164,14,138.2,39.5,278.8
15,105,75,90,160,12,136.3,47.7,243.6
15,110,50,112,166,11,127.8,32.0,221.2
15,110,55,96,156,12,139.6,42.7,243.6
15,110,60,64,88,11,198.6,75.7,221.2
15,110,65,92,152,16,149.7,34.5,305.2
15,110,70,86,146,13,149.6,47.1,262.6
15,110,75,84,146,11,145.9,57.5,221.2
15,115,50,100,148,11,144.1,43.0,221.2
15,115,55,100,150,12,144.6,39.4,243.6
15,115,60,90,138,10,151.5,57.2,194.4
15,115,65,,,,,,
15,115,70,80,136,14,158.2,48.0,278.8
15,115,75,74,140,11,151.4,66.6,221.2
15,120,50,102,144,11,147.7,41.1,221.2
15,120,55,92,130,17,163.8,32.5,316.1
15,120,60,82,128,10,161.5,65.2,194.4
15,120,65,78,126,10,163.5,69.2,194.4
15,120,70,78,122,11,167.7,63.0,221.2
15,120,75,72,126,14,165.4,53.8,278.8
15,125,50,98,134,10,155.5,49.2,194.4
15,125,55,82,120,13,169.6,50.2,262.6
15,125,60,,,,,,
15,125,65,76,120,15,169.7,47.5,292.9
15,125,70,,,,,,
15,125,75,,,,,,
15,130,50,88,118,11,171.4,53.9,221.2
15,130,55,80,106,11,182.3,61.1,221.2
15,130,60,,,,,,
15,130,65,,,,,,
15,130,70,66,96,11,191.4,73.9,221.2
15,130,75,,,,,,
15,135,50,90,112,11,176.8,52.0,221.2
15,135,55,80,104,17,179.1,39.6,316.1
15,135,60,,,,,,
15,135,65,,,,,,
15,135,70,76,102,10,187.5,71.2,194.4
15,135,75,,,,,,
15,140,50,84,100,10,189.5,63.2,194.4
15,140,55,74,90,11,196.8,66.6,221.2
15,140,60,72,84,10,205.5,75.2,194.4
15,140,65,,,,,,
15,140,70,,,,,,
15,140,75,,,,,,
15,145,50,84,94,11,193.2,57.5,221.2
15,145,55,72,84,13,197.3,57.9,262.6
15,145,60,74,76,19,192.9,38.6,334.4
15,145,65,62,76,14,201.1,60.9,278.8
15,145,70,62,74,14,202.5,60.9,278.8
15,145,75,,,,,,
15,150,50,102,204,14,109.7,32.3,278.8
15,150,55,74,80,11,205.9,66.6,221.2
15,150,60,104,212,16,112.2,27.0,305.2
15,150,65,64,70,13,208.1,64.0,262.6
15,150,70,58,66,12,214.6,74.4,243.6
15,150,75,54,62,11,222.3,84.8,221.2
15,155,50,102,200,18,125.3,25.1,325.8
15,155,55,,,,,,
15,155,60,68,68,12,212.9,66.0,243.6
15,155,65,104,200,16,119.7,27.0,305.2
15,155,70,102,202,13,106.6,34.8,262.6
15,155,75,54,56,12,222.9,77.7,243.6
20,90,50,,,,,,
20,90,55,100,124,11,165.9,43.0,221.2
20,90,60,96,120,11,169.6,46.6,221.2
20,90,65,90,116,12,172.9,47.7,243.6
20,90,70,122,200,16,119.7,15.8,305.2
20,90,75,,,,,,
20,95,50,130,192,12,109.6,14.4,243.6
20,95,55,96,116,12,172.9,42.7,243.6
20,95,60,90,114,11,175.0,52.0,221.2
20,95,65,122,186,13,118.9,19.4,262.6
20,95,70,,,,,,
20,95,75,114,194,16,123.5,20.8,305.2
20,100,50,132,190,11,105.9,13.9,221.2
20,100,55,120,176,12,122.9,22.7,243.6
20,100,60,88,104,10,185.5,59.2,194.4
20,100,65,112,174,13,128.1,27.1,262.6
20,100,70,114,178,16,133.5,20.8,305.2
20,100,75,110,180,17,134.4,21.9,316.1
20,105,50,126,176,11,118.7,19.3,221.2
20,105,55,86,96,11,191.4,55.7,221.2
20,105,60,82,90,12,194.6,54.4,243.6
20,105,65,78,86,12,197.9,57.7,243.6
20,105,70,70,82,15,195.0,51.5,292.9
20,105,75,102,158,12,137.9,37.7,243.6
20,110,50,116,160,11,133.2,28.4,221.2
20,110,55,110,154,16,148.5,23.3,305.2
20,110,60,106,152,14,146.8,29.5,278.8
20,110,65,74,76,12,206.2,61.0,243.6
20,110,70,102,142,12,151.3,37.7,243.6
20,110,75,100,148,14,149.7,33.8,278.8
20,115,50,116,152,11,140.5,28.4,221.2
20,115,55,80,76,10,213.5,67.2,194.4
20,115,60,102,140,17,158.0,26.6,316.1
20,115,65,98,136,14,158.2,35.2,278.8
20,115,70,96,128,11,162.3,46.6,221.2
20,115,75,,,,,,
20,120,50,112,140,11,151.4,32.0,221.2
20,120,55,78,66,10,223.5,69.2,194.4
20,120,60,98,122,12,167.9,41.0,243.6
20,120,65,106,134,11,156.8,37.5,221.2
20,120,70,100,128,13,163.5,36.3,262.6
20,120,75,90,122,16,168.4,35.8,305.2
20,125,50,106,122,10,167.5,41.2,194.4
20,125,55,104,124,11,165.9,39.3,221.2
20,125,60,104,124,11,165.9,39.3,221.2
20,125,65,102,122,10,167.5,45.2,194.4
20,125,70,100,122,11,167.7,43.0,221.2
20,125,75,82,110,12,177.9,54.4,243.6
20,130,50,100,114,12,174.6,39.4,243.6
20,130,55,94,104,13,181.9,41.0,262.6
20,130,60,,,,,,
20,130,65,98,110,10,179.5,49.2,194.4
20,130,70,96,110,10,179.5,51.2,194.4
20,130,75,92,106,13,180.4,42.5,262.6
20,135,50,102,106,11,182.3,41.1,221.2
20,135,55,,,,,,
20,135,60,94,96,11,191.4,48.4,221.2
20,135,65,88,90,15,189.7,39.5,292.9
20,135,70,78,86,12,197.9,57.7,243.6
20,135,75,,,,,,
20,140,50,98,94,14,188.2,35.2,278.8
20,140,55,90,84,13,197.3,44.0,262.6
20,140,60,92,88,10,201.5,55.2,194.4
20,140,65,82,80,15,196.3,43.5,292.9
20,140,70,,,,,,
20,140,75,,,,,,
20,145,50,98,90,13,192.7,37.9,262.6
20,145,55,90,80,11,205.9,52.0,221.2
20,145,60,90,80,11,205.9,52.0,221.2
20,145,65,82,70,14,205.4,46.6,278.8
20,145,70,78,66,13,211.1,53.3,262.6
20,145,75,,,,,,
20,150,50,94,82,11,204.1,48.4,221.2
20,150,55,88,72,12,209.6,49.4,243.6
20,150,60,88,72,10,217.5,59.2,194.4
20,150,65,82,68,12,212.9,54.4,243.6
20,150,70,74,60,16,207.2,45.8,305.2
20,150,75,,,,,,
20,155,50,96,76,12,206.2,42.7,243.6
20,155,55,86,62,14,211.1,43.7,278.8
20,155,60,86,64,10,225.5,61.2,194.4
20,155,65,84,62,10,227.5,63.2,194.4
20,155,70,82,62,10,227.5,65.2,194.4
20,155,75,126,222,12,84.6,17.7,243.6
25,90,50,138,196,11,100.5,8.4,221.2
25,90,55,108,120,12,169.6,32.7,243.6
25,90,60,108,116,11,173.2,35.7,221.2
25,90,65,132,194,13,112.7,11.7,262.6
25,90,70,130,196,14,115.4,12.3,278.8
25,90,75,126,196,12,106.3,17.7,243.6
25,95,50,,,,,,
25,95,55,108,112,11,176.8,35.7,221.2
25,95,60,104,108,12,179.6,36.0,243.6
25,95,65,102,106,12,181.3,37.7,243.6
25,95,70,126,188,15,124.4,14.2,292.9
25,95,75,,,,,,
25,100,50,136,180,14,126.8,8.0,278.8
25,100,55,104,104,10,185.5,43.2,194.4
25,100,60,104,98,11,189.5,39.3,221.2
25,100,65,98,94,12,191.3,41.0,243.6
25,100,70,,,,,,
25,100,75,118,172,13,129.6,22.5,262.6
25,105,50,128,168,11,125.9,17.5,221.2
25,105,55,100,88,12,196.2,39.4,243.6
25,105,60,98,86,12,197.9,41.0,243.6
25,105,65,92,80,12,202.9,46.0,243.6
25,105,70,90,78,12,204.6,47.7,243.6
25,105,75,,,,,,
25,110,50,126,156,12,139.6,17.7,243.6
25,110,55,120,148,12,146.3,22.7,243.6
25,110,60,92,74,13,205.0,42.5,262.6
25,110,65,90,68,12,212.9,47.7,243.6
25,110,70,114,142,12,151.3,27.7,243.6
25,110,75,,,,,,
25,115,50,104,82,11,204.1,39.3,221.2
25,115,55,96,68,11,216.8,46.6,221.2
25,115,60,92,62,11,222.3,50.2,221.2
25,115,65,112,130,13,161.9,27.1,262.6
25,115,70,118,136,14,158.2,20.9,278.8
25,115,75,110,126,13,165.0,28.7,262.6
25,120,50,120,130,11,160.5,24.8,221.2
25,120,55,92,58,12,221.2,46.0,243.6
25,120,60,86,54,10,235.5,61.2,194.4
25,120,65,120,132,10,157.5,27.2,194.4
25,120,70,106,114,11,175.0,37.5,221.2
25,120,75,106,112,17,174.4,24.3,316.1
25,125,50,118,124,10,165.5,29.2,194.4
25,125,55,,,,,,
25,125,60,86,44,11,238.6,55.7,221.2
25,125,65,,,,,,
25,125,70,,,,,,
25,125,75,,,,,,
25,130,50,114,110,11,178.6,30.2,221.2
25,130,55,108,102,11,185.9,35.7,221.2
25,130,60,108,92,10,197.5,39.2,194.4
25,130,65,,,,,,
25,130,70,100,92,12,192.9,39.4,243.6
25,130,75,,,,,,
25,135,50,112,100,11,187.7,32.0,221.2
25,135,55,112,96,10,193.5,35.2,194.4
25,135,60,108,92,12,192.9,32.7,243.6
25,135,65,,,,,,
25,135,70,,,,,,
25,135,75,,,,,,
25,140,50,114,94,13,189.6,25.6,262.6
25,140,55,110,86,11,200.5,33.9,221.2
25,140,60,108,84,11,202.3,35.7,221.2
25,140,65,,,,,,
25,140,70,,,,,,
25,140,75,,,,,,
25,145,50,112,86,12,197.9,29.4,243.6
25,145,55,106,76,11,209.5,37.5,221.2
25,145,60,,,,,,
25,145,65,104,72,11,213.2,39.3,221.2
25,145,70,,,,,,
25,145,75,,,,,,
25,150,50,88,196,17,125.0,34.9,316.1
25,150,55,102,64,12,216.2,37.7,243.6
25,150,60,,,,,,
25,150,65,120,206,18,122.0,15.1,325.8
25,150,70,,,,,,
25,150,75,,,,,,
25,155,50,108,70,11,215.0,35.7,221.2
25,155,55,120,192,19,131.9,14.3,334.4
25,155,60,,,,,,
25,155,65,120,196,19,129.8,14.3,334.4
25,155,70,94,48,12,229.6,44.4,243.6
25,155,75,,,,,,
30,90,50,146,196,12,106.3,1.0,243.6
30,90,55,,,,,,
30,90,60,120,112,11,176.8,24.8,221.2
30,90,65,118,110,12,177.9,24.4,243.6
30,90,70,114,104,12,182.9,27.7,243.6
30,90,75,136,192,13,114.3,8.7,262.6
30,95,50,144,190,12,111.3,2.7,243.6
30,95,55,120,110,12,177.9,22.7,243.6
30,95,60,116,106,11,182.3,28.4,221.2
30,95,65,116,102,12,184.6,26.0,243.6
30,95,70,,,,,,
30,95,75,132,184,12,116.3,12.7,243.6
30,100,50,142,178,11,116.8,4.8,221.2
30,100,55,116,98,11,189.5,28.4,221.2
30,100,60,116,96,11,191.4,28.4,221.2
30,100,65,112,92,11,195.0,32.0,221.2
30,100,70,108,86,12,197.9,32.7,243.6
30,100,75,108,84,13,197.3,30.2,262.6
30,105,50,140,170,16,138.5,4.5,305.2
30,105,55,134,158,12,137.9,11.0,243.6
30,105,60,112,82,12,201.2,29.4,243.6
30,105,65,110,74,10,215.5,37.2,194.4
30,105,70,106,72,12,209.6,34.4,243.6
30,105,75,,,,,,
30,110,50,136,154,12,141.3,9.4,243.6
30,110,55,130,144,12,149.6,14.4,243.6
30,110,60,108,70,10,219.5,39.2,194.4
30,110,65,106,66,11,218.6,37.5,221.2
30,110,70,104,60,12,219.6,36.0,243.6
30,110,75,,,,,,
30,115,50,134,136,12,156.3,11.0,243.6
30,115,55,112,64,11,220.4,32.0,221.2
30,115,60,108,60,12,219.6,32.7,243.6
30,115,65,106,54,13,220.4,31.7,262.6
30,115,70,122,124,13,166.5,19.4,262.6
30,115,75,,,,,,
30,120,50,134,128,12,162.9,11.0,243.6
30,120,55,128,120,11,169.6,17.5,221.2
30,120,60,106,50,12,227.9,34.4,243.6
30,120,65,,,,,,
30,120,70,124,112,17,174.4,13.7,316.1
30,120,75,120,112,14,175.4,19.5,278.8
30,125,50,112,58,11,225.9,32.0,221.2
30,125,55,,,,,,
30,125,60,,,,,,
30,125,65,126,112,11,176.8,19.3,221.2
30,125,70,,,,,,
30,125,75,120,98,17,182.6,16.0,316.1
30,130,50,,,,,,
30,130,55,128,100,14,183.9,13.8,278.8
30,130,60,,,,,,
30,130,65,120,94,17,185.0,16.0,316.1
30,130,70,,,,,,
30,130,75,,,,,,
30,135,50,,,,,,
30,135,55,,,,,,
30,135,60,,,,,,
30,135,65,,,,,,
30,135,70,,,,,,
30,135,75,,,,,,
30,140,50,122,88,13,194.2,19.4,262.6
30,140,55,158,200,11,96.9,-9.8,221.2
30,140,60,116,72,11,213.2,28.4,221.2
30,140,65,,,,,,
30,140,70,,,,,,
30,140,75,,,,,,
30,145,50,122,78,12,204.6,21.0,243.6
30,145,55,120,66,15,205.7,18.2,292.9
30,145,60,,,,,,
30,145,65,,,,,,
30,145,70,,,,,,
30,145,75,,,,,,
30,150,50,126,202,18,124.2,11.8,325.8
30,150,55,,,,,,
30,150,60,,,,,,
30,150,65,,,,,,
30,150,70,,,,,,
30,150,75,,,,,,
30,155,50,,,,,,
30,155,55,120,60,12,219.6,22.7,243.6
30,155,60,128,192,19,131.9,10.1,334.4
30,155,65,116,52,12,226.2,26.0,243.6
30,155,70,116,50,11,233.2,28.4,221.2
30,155,75,,,,,,
35,90,50,156,198,14,114.0,-6.2,278.8
35,90,55,,,,,,
35,90,60,130,112,11,176.8,15.7,221.2
35,90,65,128,108,12,179.6,16.0,243.6
35,90,70,126,104,12,182.9,17.7,243.6
35,90,75,124,102,12,184.6,19.4,243.6
35,95,50,152,194,14,116.8,-3.4,278.8
35,95,55,150,190,11,105.9,-2.5,221.2
35,95,60,128,104,12,182.9,16.0,243.6
35,95,65,128,100,11,187.7,17.5,221.2
35,95,70,126,98,12,187.9,17.7,243.6
35,95,75,124,94,14,188.2,16.6,278.8
35,100,50,148,178,11,116.8,-0.7,221.2
35,100,55,130,96,12,189.6,14.4,243.6
35,100,60,128,92,11,195.0,17.5,221.2
35,100,65,126,86,11,200.5,19.3,221.2
35,100,70,124,84,12,199.6,19.4,243.6
35,100,75,120,80,13,200.4,21.0,262.6
35,105,50,,,,,,
35,105,55,,,,,,
35,105,60,126,78,12,204.6,17.7,243.6
35,105,65,124,74,12,207.9,19.4,243.6
35,105,70,120,68,11,216.8,24.8,221.2
35,105,75,138,152,12,142.9,7.7,243.6
35,110,50,130,86,10,203.5,17.2,194.4
35,110,55,124,74,12,207.9,19.4,243.6
35,110,60,124,68,12,212.9,19.4,243.6
35,110,65,120,62,12,217.9,22.7,243.6
35,110,70,118,56,12,222.9,24.4,243.6
35,110,75,136,136,12,156.3,9.4,243.6
35,115,50,144,138,13,155.8,2.5,262.6
35,115,55,122,62,11,222.3,23.0,221.2
35,115,60,120,56,11,227.7,24.8,221.2
35,115,65,120,50,12,227.9,22.7,243.6
35,115,70,116,42,12,234.6,26.0,243.6
35,115,75,,,,,,
35,120,50,142,128,13,163.5,4.0,262.6
35,120,55,124,52,12,226.2,19.4,243.6
35,120,60,120,44,11,238.6,24.8,221.2
35,120,65,134,112,13,175.8,10.2,262.6
35,120,70,,,,,,
35,120,75,112,28,12,246.2,29.4,243.6
35,125,50,,,,,,
35,125,55,,,,,,
35,125,60,120,36,10,253.5,27.2,194.4
35,125,65,,,,,,
35,125,70,110,22,12,251.2,31.0,243.6
35,125,75,126,96,11,191.4,19.3,221.2
35,130,50,126,50,11,233.2,19.3,221.2
35,130,55,,,,,,
35,130,60,,,,,,
35,130,65,,,,,,
35,130,70,112,12,11,267.7,32.0,221.2
35,130,75,,,,,,
35,135,50,,,,,,
35,135,55,120,24,11,256.8,24.8,221.2
35,135,60,116,16,11,264.1,28.4,221.2
35,135,65,,,,,,
35,135,70,,,,,,
35,135,75,,,,,,
35,140,50,,,,,,
35,140,55,134,78,11,207.7,12.0,221.2
35,140,60,130,70,12,211.2,14.4,243.6
35,140,65,,,,,,
35,140,70,,,,,,
35,140,75,,,,,,
35,145,50,,,,,,
35,145,55,136,212,19,121.3,5.9,334.4
35,145,60,130,64,13,212.7,13.3,262.6
35,145,65,130,60,15,209.7,11.5,292.9
35,145,70,130,56,13,218.8,13.3,262.6
35,145,75,,,,,,
35,150,50,,,,,,
35,150,55,130,204,18,123.1,9.6,325.8
35,150,60,130,54,11,229.5,15.7,221.2
35,150,65,,,,,,
35,150,70,,,,,,
35,150,75,,,,,,
35,155,50,136,66,12,214.6,9.4,243.6
35,155,55,134,54,12,224.6,11.0,243.6
35,155,60,142,218,12,88.0,4.4,243.6
35,155,65,134,44,17,214.4,7.8,316.1
35,155,70,,,,,,
35,155,75,,,,,,
40,90,50,162,202,16,118.5,-9.2,305.2
40,90,55,146,112,12,176.3,1.0,243.6
40,90,60,146,112,11,176.8,1.1,221.2
40,90,65,146,106,12,181.3,1.0,243.6
40,90,70,144,102,12,184.6,2.7,243.6
40,90,75,142,98,12,187.9,4.4,243.6
40,95,50,160,194,14,116.8,-9.1,278.8
40,95,55,146,106,11,182.3,1.1,221.2
40,95,60,146,100,11,187.7,1.1,221.2
40,95,65,142,98,11,189.5,4.8,221.2
40,95,70,144,96,11,191.4,3.0,221.2
40,95,75,142,94,12,191.3,4.4,243.6
40,100,50,,,,,,
40,100,55,146,94,11,193.2,1.1,221.2
40,100,60,144,90,12,194.6,2.7,243.6
40,100,65,142,86,12,197.9,4.4,243.6
40,100,70,142,80,11,205.9,4.8,221.2
40,100,75,144,80,15,196.3,2.2,292.9
40,105,50,160,166,12,131.3,-10.6,243.6
40,105,55,146,84,10,205.5,1.2,194.4
40,105,60,144,76,12,206.2,2.7,243.6
40,105,65,144,72,12,209.6,2.7,243.6
40,105,70,154,154,11,138.7,-6.1,221.2
40,105,75,140,64,13,212.7,5.6,262.6
40,110,50,158,148,12,146.3,-9.0,243.6
40,110,55,144,68,12,212.9,2.7,243.6
40,110,60,,,,,,
40,110,65,144,60,13,215.8,2.5,262.6
40,110,70,142,54,12,224.6,4.4,243.6
40,110,75,140,48,13,225.0,5.6,262.6
40,115,50,148,76,11,209.5,-0.7,221.2
40,115,55,142,58,11,225.9,4.8,221.2
40,115,60,144,54,11,229.5,3.0,221.2
40,115,65,142,46,12,231.2,4.4,243.6
40,115,70,142,42,12,234.6,4.4,243.6
40,115,75,138,36,13,234.2,7.1,262.6
40,120,50,156,132,14,161.1,-6.2,278.8
40,120,55,142,50,11,233.2,4.8,221.2
40,120,60,156,120,14,169.7,-6.2,278.8
40,120,65,154,118,17,170.9,-4.0,316.1
40,120,70,140,32,13,237.3,5.6,262.6
40,120,75,138,26,13,241.9,7.1,262.6
40,125,50,156,112,11,176.8,-8.0,221.2
40,125,55,154,106,12,181.3,-5.6,243.6
40,125,60,142,34,11,247.7,4.8,221.2
40,125,65,140,24,12,249.6,6.0,243.6
40,125,70,138,18,12,254.6,7.7,243.6
40,125,75,138,12,12,259.6,7.7,243.6
40,130,50,160,104,15,180.3,-8.5,292.9
40,130,55,144,30,12,244.6,2.7,243.6
40,130,60,156,96,10,193.5,-8.8,194.4
40,130,65,154,86,13,195.8,-5.2,262.6
40,130,70,152,86,12,197.9,-4.0,243.6
40,130,75,,,,,,
40,135,50,154,96,11,191.4,-6.1,221.2
40,135,55,156,230,11,69.6,-8.0,221.2
40,135,60,154,82,12,201.2,-5.6,243.6
40,135,65,,,,,,
40,135,70,152,72,13,206.5,-3.7,262.6
40,135,75,,,,,,
40,140,50,152,86,12,197.9,-4.0,243.6
40,140,55,,,,,,
40,140,60,158,68,17,200.3,-6.3,316.1
40,140,65,152,68,15,204.3,-3.2,292.9
40,140,70,,,,,,
40,140,75,,,,,,
40,145,50,62,36,12,239.6,71.0,243.6
40,145,55,152,64,12,216.2,-4.0,243.6
40,145,60,150,64,14,209.6,-2.0,278.8
40,145,65,,,,,,
40,145,70,,,,,,
40,145,75,,,,,,
40,150,50,148,200,19,127.7,-0.4,334.4
40,150,55,158,56,17,207.3,-6.3,316.1
40,150,60,158,52,17,209.7,-6.3,316.1
40,150,65,148,196,18,127.5,-0.4,325.8
40,150,70,152,50,17,210.9,-2.8,316.1
40,150,75,156,40,19,211.8,-4.6,334.4
40,155,50,,,,,,
40,155,55,,,,,,
40,155,60,,,,,,
40,155,65,148,214,16,111.0,-0.5,305.2
40,155,70,150,38,12,237.9,-2.3,243.6
40,155,75,152,36,15,225.7,-3.2,292.9
45,90,50,,,,,,
45,90,55,156,114,11,175.0,-8.0,221.2
45,90,60,152,110,11,178.6,-4.3,221.2
45,90,65,152,106,11,182.3,-4.3,221.2
45,90,70,154,104,14,181.1,-4.8,278.8
45,90,75,154,100,13,185.0,-5.2,262.6
45,95,50,164,192,11,104.1,-15.2,221.2
45,95,55,156,106,11,182.3,-8.0,221.2
45,95,60,154,100,11,187.7,-6.1,221.2
45,95,65,152,98,11,189.5,-4.3,221.2
45,95,70,152,94,12,191.3,-4.0,243.6
45,95,75,154,92,13,191.2,-5.2,262.6
45,100,50,164,180,11,115.0,-15.2,221.2
45,100,55,156,96,11,191.4,-8.0,221.2
45,100,60,,,,,,
45,100,65,156,86,12,197.9,-7.3,243.6
45,100,70,154,82,12,201.2,-5.6,243.6
45,100,75,156,80,10,209.5,-8.8,194.4
45,105,50,,,,,,
45,105,55,156,84,11,202.3,-8.0,221.2
45,105,60,156,78,11,207.7,-8.0,221.2
45,105,65,154,72,12,209.6,-5.6,243.6
45,105,70,154,68,12,212.9,-5.6,243.6
45,105,75,166,156,13,141.9,-14.4,262.6
45,110,50,,,,,,
45,110,55,156,68,11,216.8,-8.0,221.2
45,110,60,154,64,12,216.2,-5.6,243.6
45,110,65,152,58,14,213.9,-3.4,278.8
45,110,70,154,54,13,220.4,-5.2,262.6
45,110,75,154,48,14,221.1,-4.8,278.8
45,115,50,160,76,12,206.2,-10.6,243.6
45,115,55,158,60,11,224.1,-9.8,221.2
45,115,60,156,54,11,229.5,-8.0,221.2
45,115,65,154,46,12,231.2,-5.6,243.6
45,115,70,166,126,14,165.4,-13.4,278.8
45,115,75,154,36,14,229.6,-4.8,278.8
45,120,50,164,128,12,162.9,-14.0,243.6
45,120,55,156,48,12,229.6,-7.3,243.6
45,120,60,156,44,12,232.9,-7.3,243.6
45,120,65,164,116,14,172.5,-12.0,278.8
45,120,70,154,30,12,244.6,-5.6,243.6
45,120,75,154,24,14,238.2,-4.8,278.8
45,125,50,164,116,10,173.5,-16.8,194.4
45,125,55,156,36,11,245.9,-8.0,221.2
45,125,60,156,30,12,244.6,-7.3,243.6
45,125,65,154,22,11,258.6,-6.1,221.2
45,125,70,154,18,12,254.6,-5.6,243.6
45,125,75,156,14,14,245.3,-6.2,278.8
45,130,50,156,48,10,241.5,-8.8,194.4
45,130,55,170,92,17,186.2,-13.4,316.1
45,130,60,156,22,11,258.6,-8.0,221.2
45,130,65,156,16,10,273.5,-8.8,194.4
45,130,70,156,10,10,279.5,-8.8,194.4
45,130,75,,,,,,
45,135,50,156,40,10,249.5,-8.8,194.4
45,135,55,156,18,11,262.2,-8.0,221.2
45,135,60,154,14,11,265.9,-6.1,221.2
45,135,65,,,,,,
45,135,70,,,,,,
45,135,75,,,,,,
45,140,50,166,86,11,200.5,-17.0,221.2
45,140,55,166,72,10,217.5,-18.8,194.4
45,140,60,,,,,,
45,140,65,,,,,,
45,140,70,,,,,,
45,140,75,,,,,,
45,145,50,,,,,,
45,145,55,166,70,11,215.0,-17.0,221.2
45,145,60,166,64,11,220.4,-17.0,221.2
45,145,65,164,58,12,221.2,-14.0,243.6
45,145,70,,,,,,
45,145,75,,,,,,
45,150,50,,,,,,
45,150,55,154,200,18,125.3,-3.7,325.8
45,150,60,166,52,10,237.5,-18.8,194.4
45,150,65,,,,,,
45,150,70,164,48,12,229.6,-14.0,243.6
45,150,75,164,46,16,215.9,-10.5,305.2
45,155,50,,,,,,
45,155,55,152,212,17,115.6,-2.8,316.1
45,155,60,,,,,,
45,155,65,164,42,11,240.4,-15.2,221.2
45,155,70,,,,,,
45,155,75,,,,,,
50,90,50,172,202,12,101.3,-20.6,243.6
50,90,55,168,116,12,172.9,-17.3,243.6
50,90,60,170,114,10,175.5,-22.8,194.4
50,90,65,170,112,11,176.8,-20.7,221.2
50,90,70,176,196,13,111.2,-22.1,262.6
50,90,75,,,,,,
50,95,50,174,192,11,104.1,-24.3,221.2
50,95,55,170,106,11,182.3,-20.7,221.2
50,95,60,172,100,11,187.7,-22.5,221.2
50,95,65,172,98,12,187.9,-20.6,243.6
50,95,70,172,94,12,191.3,-20.6,243.6
50,95,75,172,92,13,191.2,-19.0,262.6
50,100,50,170,110,10,179.5,-22.8,194.4
50,100,55,172,94,10,195.5,-24.8,194.4
50,100,60,,,,,,
50,100,65,172,88,11,198.6,-22.5,221.2
50,100,70,174,82,13,198.8,-20.6,262.6
50,100,75,174,78,14,199.6,-19.1,278.8
50,105,50,,,,,,
50,105,55,174,84,12,199.6,-22.3,243.6
50,105,60,174,80,12,202.9,-22.3,243.6
50,105,65,172,72,12,209.6,-20.6,243.6
50,105,70,172,68,12,212.9,-20.6,243.6
50,105,75,176,64,13,212.7,-22.1,262.6
50,110,50,170,88,11,198.6,-20.7,221.2
50,110,55,174,70,11,215.0,-24.3,221.2
50,110,60,174,68,11,216.8,-24.3,221.2
50,110,65,176,60,12,219.6,-24.0,243.6
50,110,70,174,56,12,222.9,-22.3,243.6
50,110,75,178,140,14,155.4,-22.0,278.8
50,115,50,176,76,13,203.5,-22.1,262.6
50,115,55,174,60,11,224.1,-24.3,221.2
50,115,60,176,56,10,233.5,-28.8,194.4
50,115,65,174,48,12,229.6,-22.3,243.6
50,115,70,176,44,12,232.9,-24.0,243.6
50,115,75,176,36,14,229.6,-20.5,278.8
50,120,50,176,62,11,222.3,-26.1,221.2
50,120,55,180,120,12,169.6,-27.3,243.6
50,120,60,176,40,12,236.2,-24.0,243.6
50,120,65,182,116,16,172.2,-21.7,305.2
50,120,70,178,30,13,238.8,-23.7,262.6
50,120,75,178,24,11,256.8,-28.0,221.2
50,125,50,180,116,10,173.5,-32.8,194.4
50,125,55,176,42,11,240.4,-26.1,221.2
50,125,60,176,32,12,242.9,-24.0,243.6
50,125,65,178,26,12,247.9,-25.6,243.6
50,125,70,178,18,11,262.2,-28.0,221.2
50,125,75,176,14,14,245.3,-20.5,278.8
50,130,50,176,48,11,235.0,-26.1,221.2
50,130,55,176,28,11,253.2,-26.1,221.2
50,130,60,178,24,10,265.5,-30.8,194.4
50,130,65,178,16,12,256.2,-25.6,243.6
50,130,70,180,10,12,261.2,-27.3,243.6
50,130,75,,,,,,
50,135,50,,,,,,
50,135,55,178,22,12,251.2,-25.6,243.6
50,135,60,178,16,11,264.1,-28.0,221.2
50,135,65,184,76,11,209.5,-33.4,221.2
50,135,70,188,72,11,213.2,-37.0,221.2
50,135,75,186,70,12,211.2,-32.3,243.6
50,140,50,,,,,,
50,140,55,184,74,12,207.9,-30.6,243.6
50,140,60,,,,,,
50,140,65,184,68,12,212.9,-30.6,243.6
50,140,70,186,66,16,203.4,-24.2,305.2
50,140,75,,,,,,
50,145,50,182,76,11,209.5,-31.6,221.2
50,145,55,182,66,11,218.6,-31.6,221.2
50,145,60,184,64,12,216.2,-30.6,243.6
50,145,65,184,58,12,221.2,-30.6,243.6
50,145,70,186,54,12,224.6,-32.3,243.6
50,145,75,,,,,,
50,150,50,,,,,,
50,150,55,,,,,,
50,150,60,,,,,,
50,150,65,184,52,12,226.2,-30.6,243.6
50,150,70,,,,,,
50,150,75,186,46,16,215.9,-24.2,305.2
50,155,50,184,66,11,218.6,-33.4,221.2
50,155,55,184,54,11,229.5,-33.4,221.2
50,155,60,184,50,12,227.9,-30.6,243.6
50,155,65,184,46,10,243.5,-36.8,194.4
50,155,70,184,42,12,234.6,-30.6,243.6
50,155,75,184,38,12,237.9,-30.6,243.6
55,90,50,178,204,16,117.2,-19.2,305.2
55,90,55,176,116,11,173.2,-26.1,221.2
55,90,60,180,112,11,176.8,-29.8,221.2
55,90,65,180,108,11,180.5,-29.8,221.2
55,90,70,180,104,11,184.1,-29.8,221.2
55,90,75,180,104,13,181.9,-25.2,262.6
55,95,50,180,192,13,114.3,-25.2,262.6
55,95,55,180,108,11,180.5,-29.8,221.2
55,95,60,,,,,,
55,95,65,180,98,12,187.9,-27.3,243.6
55,95,70,184,98,10,191.5,-36.8,194.4
55,95,75,182,92,12,192.9,-29.0,243.6
55,100,50,180,112,12,176.3,-27.3,243.6
55,100,55,180,96,12,189.6,-27.3,243.6
55,100,60,182,90,11,196.8,-31.6,221.2
55,100,65,184,88,11,198.6,-33.4,221.2
55,100,70,186,86,14,193.9,-27.7,278.8
55,100,75,186,80,13,200.4,-29.8,262.6
55,105,50,178,98,11,189.5,-28.0,221.2
55,105,55,182,84,11,202.3,-31.6,221.2
55,105,60,184,78,12,204.6,-30.6,243.6
55,105,65,186,74,12,207.9,-32.3,243.6
55,105,70,188,72,15,201.7,-27.2,292.9
55,105,75,186,64,13,212.7,-29.8,262.6
55,110,50,,,,,,
55,110,55,184,74,11,211.4,-33.4,221.2
55,110,60,184,66,11,218.6,-33.4,221.2
55,110,65,188,60,12,219.6,-34.0,243.6
55,110,70,188,56,11,227.7,-37.0,221.2
55,110,75,186,52,10,237.5,-38.8,194.4
55,115,50,182,80,12,202.9,-29.0,243.6
55,115,55,186,64,11,220.4,-35.2,221.2
55,115,60,188,54,12,224.6,-34.0,243.6
55,115,65,190,50,12,227.9,-35.6,243.6
55,115,70,190,44,13,228.1,-32.9,262.6
55,115,75,192,38,13,232.7,-34.4,262.6
55,120,50,184,70,11,215.0,-33.4,221.2
55,120,55,190,50,10,239.5,-42.8,194.4
55,120,60,190,44,11,238.6,-38.9,221.2
55,120,65,190,36,11,245.9,-38.9,221.2
55,120,70,192,32,13,237.3,-34.4,262.6
55,120,75,192,24,14,238.2,-32.0,278.8
55,125,50,188,118,11,171.4,-37.0,221.2
55,125,55,190,38,11,244.1,-38.9,221.2
55,125,60,190,32,12,242.9,-35.6,243.6
55,125,65,192,26,12,247.9,-37.3,243.6
55,125,70,196,98,11,189.5,-44.3,221.2
55,125,75,194,12,12,259.6,-39.0,243.6
55,130,50,186,50,10,239.5,-38.8,194.4
55,130,55,192,30,12,244.6,-37.3,243.6
55,130,60,192,24,11,256.8,-40.7,221.2
55,130,65,194,18,12,254.6,-39.0,243.6
55,130,70,196,12,12,259.6,-40.6,243.6
55,130,75,196,4,12,266.2,-40.6,243.6
55,135,50,188,42,11,240.4,-37.0,221.2
55,135,55,194,88,14,192.5,-33.4,278.8
55,135,60,194,84,11,202.3,-42.5,221.2
55,135,65,196,10,13,254.2,-37.5,262.6
55,135,70,,,,,,
55,135,75,200,72,11,213.2,-48.0,221.2
55,140,50,192,92,14,189.6,-32.0,278.8
55,140,55,196,76,12,206.2,-40.6,243.6
55,140,60,160,222,13,91.2,-9.8,262.6
55,140,65,162,224,16,104.7,-9.2,305.2
55,140,70,200,64,11,220.4,-48.0,221.2
55,140,75,200,62,13,214.2,-40.6,262.6
55,145,50,162,210,17,116.8,-8.7,316.1
55,145,55,,,,,,
55,145,60,,,,,,
55,145,65,,,,,,
55,145,70,,,,,,
55,145,75,,,,,,
55,150,50,,,,,,
55,150,55,196,62,12,217.9,-40.6,243.6
55,150,60,196,56,12,222.9,-40.6,243.6
55,150,65,200,52,11,231.3,-48.0,221.2
55,150,70,200,48,14,221.1,-37.7,278.8
55,150,75,202,48,15,217.7,-36.5,292.9
55,155,50,194,66,10,223.5,-46.8,194.4
55,155,55,196,56,11,227.7,-44.3,221.2
55,155,60,198,50,12,227.9,-42.3,243.6
55,155,65,198,48,12,229.6,-42.3,243.6
55,155,70,198,46,12,231.2,-42.3,243.6
55,155,75,200,42,11,240.4,-48.0,221.2
60,90,50,182,206,14,108.2,-24.8,278.8
60,90,55,190,120,12,169.6,-35.6,243.6
60,90,60,192,116,10,173.5,-44.8,194.4
60,90,65,192,112,11,176.8,-40.7,221.2
60,90,70,194,110,12,177.9,-39.0,243.6
60,90,75,192,106,11,182.3,-40.7,221.2
60,95,50,184,196,11,100.5,-33.4,221.2
60,95,55,190,108,11,180.5,-38.9,221.2
60,95,60,192,104,11,184.1,-40.7,221.2
60,95,65,194,100,11,187.7,-42.5,221.2
60,95,70,196,100,13,185.0,-37.5,262.6
60,95,75,200,98,10,191.5,-52.8,194.4
60,100,50,188,114,11,175.0,-37.0,221.2
60,100,55,190,98,10,191.5,-42.8,194.4
60,100,60,196,96,12,189.6,-40.6,243.6
60,100,65,198,90,12,194.6,-42.3,243.6
60,100,70,198,84,14,195.4,-36.2,278.8
60,100,75,200,84,13,197.3,-40.6,262.6
60,105,50,190,170,11,124.1,-38.9,221.2
60,105,55,196,84,11,202.3,-44.3,221.2
60,105,60,198,80,12,202.9,-42.3,243.6
60,105,65,200,76,11,209.5,-48.0,221.2
60,105,70,202,72,13,206.5,-42.1,262.6
60,105,75,204,164,17,143.8,-33.4,316.1
60,110,50,,,,,,
60,110,55,194,74,11,211.4,-42.5,221.2
60,110,60,200,68,12,212.9,-44.0,243.6
60,110,65,204,64,12,216.2,-47.3,243.6
60,110,70,206,60,15,209.7,-39.2,292.9
60,110,75,208,54,15,213.7,-40.5,292.9
60,115,50,196,146,11,145.9,-44.3,221.2
60,115,55,200,64,11,220.4,-48.0,221.2
60,115,60,202,58,12,221.2,-45.6,243.6
60,115,65,204,52,12,226.2,-47.3,243.6
60,115,70,208,46,13,226.5,-46.7,262.6
60,115,75,206,136,13,157.3,-45.2,262.6
60,120,50,198,136,14,158.2,-36.2,278.8
60,120,55,204,54,12,224.6,-47.3,243.6
60,120,60,204,46,12,231.2,-47.3,243.6
60,120,65,208,42,12,234.6,-50.6,243.6
60,120,70,208,34,11,247.7,-55.2,221.2
60,120,75,210,28,11,253.2,-57.0,221.2
60,125,50,200,122,10,167.5,-52.8,194.4
60,125,55,204,42,11,240.4,-51.6,221.2
60,125,60,208,36,11,245.9,-55.2,221.2
60,125,65,210,30,12,244.6,-52.3,243.6
60,125,70,212,24,13,243.4,-49.8,262.6
60,125,75,212,20,14,241.1,-46.2,278.8
60,130,50,202,112,11,176.8,-49.8,221.2
60,130,55,206,32,12,242.9,-49.0,243.6
60,130,60,208,26,11,255.0,-55.2,221.2
60,130,65,210,18,12,254.6,-52.3,243.6
60,130,70,214,14,12,257.9,-55.6,243.6
60,130,75,214,86,16,190.9,-41.7,305.2
60,135,50,204,102,12,184.6,-47.3,243.6
60,135,55,206,26,11,255.0,-53.4,221.2
60,135,60,210,84,12,199.6,-52.3,243.6
60,135,65,212,12,11,267.7,-58.9,221.2
60,135,70,212,78,13,201.9,-49.8,262.6
60,135,75,,,,,,
60,140,50,,,,,,
60,140,55,210,18,10,271.5,-62.8,194.4
60,140,60,,,,,,
60,140,65,170,220,18,114.2,-12.6,325.8
60,140,70,,,,,,
60,140,75,218,66,14,208.2,-50.5,278.8
60,145,50,172,212,19,121.3,-13.0,334.4
60,145,55,210,72,12,209.6,-52.3,243.6
60,145,60,212,66,12,214.6,-54.0,243.6
60,145,65,220,200,14,112.5,-52.0,278.8
60,145,70,,,,,,
60,145,75,,,,,,
60,150,50,206,78,11,207.7,-53.4,221.2
60,150,55,,,,,,
60,150,60,220,188,14,121.1,-52.0,278.8
60,150,65,,,,,,
60,150,70,,,,,,
60,150,75,,,,,,
60,155,50,,,,,,
60,155,55,,,,,,
60,155,60,212,54,10,235.5,-64.8,194.4
60,155,65,214,50,12,227.9,-55.6,243.6
60,155,70,,,,,,
60,155,75,,,,,,
65,90,50,192,208,12,96.3,-37.3,243.6
65,90,55,204,122,11,167.7,-51.6,221.2
65,90,60,206,116,14,172.5,-42.0,278.8
65,90,65,210,114,11,175.0,-57.0,221.2
65,90,70,212,112,12,176.3,-54.0,243.6
65,90,75,214,110,13,177.3,-51.3,262.6
65,95,50,,,,,,
65,95,55,204,114,11,175.0,-51.6,221.2
65,95,60,208,108,12,179.6,-50.6,243.6
65,95,65,212,106,12,181.3,-54.0,243.6
65,95,70,214,102,11,185.9,-60.7,221.2
65,95,75,,,,,,
65,100,50,,,,,,
65,100,55,210,100,10,189.5,-62.8,194.4
65,100,60,214,98,12,187.9,-55.6,243.6
65,100,65,216,92,11,195.0,-62.5,221.2
65,100,70,218,90,13,192.7,-54.4,262.6
65,100,75,222,86,14,193.9,-53.4,278.8
65,105,50,204,106,11,182.3,-51.6,221.2
65,105,55,214,92,11,195.0,-60.7,221.2
65,105,60,216,86,11,200.5,-62.5,221.2
65,105,65,220,82,13,198.8,-56.0,262.6
65,105,70,224,76,14,201.1,-54.8,278.8
65,105,75,226,72,13,206.5,-60.6,262.6
65,110,50,,,,,,
65,110,55,216,78,11,207.7,-62.5,221.2
65,110,60,222,74,12,207.9,-62.3,243.6
65,110,65,224,68,12,212.9,-64.0,243.6
65,110,70,226,62,12,217.9,-65.6,243.6
65,110,75,230,58,12,221.2,-69.0,243.6
65,115,50,208,152,11,140.5,-55.2,221.2
65,115,55,220,68,11,216.8,-66.1,221.2
65,115,60,224,64,12,216.2,-64.0,243.6
65,115,65,226,58,12,221.2,-65.6,243.6
65,115,70,230,54,14,216.8,-59.1,278.8
65,115,75,232,48,13,225.0,-65.2,262.6
65,120,50,214,72,10,217.5,-66.8,194.4
65,120,55,222,56,11,227.7,-68.0,221.2
65,120,60,222,48,11,235.0,-68.0,221.2
65,120,65,226,44,12,232.9,-65.6,243.6
65,120,70,230,38,13,232.7,-63.7,262.6
65,120,75,232,34,14,231.1,-60.5,278.8
65,125,50,214,126,10,163.5,-66.8,194.4
65,125,55,226,48,12,229.6,-65.6,243.6
65,125,60,228,40,12,236.2,-67.3,243.6
65,125,65,230,34,12,241.2,-69.0,243.6
65,125,70,234,26,12,247.9,-72.3,243.6
65,125,75,238,22,13,245.0,-69.8,262.6
65,130,50,216,116,12,172.9,-57.3,243.6
65,130,55,224,36,11,245.9,-69.8,221.2
65,130,60,226,30,12,244.6,-65.6,243.6
65,130,65,232,24,12,249.6,-70.6,243.6
65,130,70,234,18,12,254.6,-72.3,243.6
65,130,75,,,,,,
65,135,50,218,106,12,181.3,-59.0,243.6
65,135,55,224,30,11,251.3,-69.8,221.2
65,135,60,228,22,11,258.6,-73.4,221.2
65,135,65,232,16,11,264.1,-77.0,221.2
65,135,70,,,,,,
65,135,75,240,4,11,275.0,-84.3,221.2
65,140,50,224,220,11,78.7,-69.8,221.2
65,140,55,226,22,11,258.6,-71.6,221.2
65,140,60,,,,,,
65,140,65,234,10,12,261.2,-72.3,243.6
65,140,70,,,,,,
65,140,75,232,72,16,199.7,-53.0,305.2
65,145,50,,,,,,
65,145,55,226,76,12,206.2,-65.6,243.6
65,145,60,,,,,,
65,145,65,,,,,,
65,145,70,,,,,,
65,145,75,,,,,,
65,150,50,,,,,,
65,150,55,,,,,,
65,150,60,230,64,12,216.2,-69.0,243.6
65,150,65,,,,,,
65,150,70,,,,,,
65,150,75,,,,,,
65,155,50,,,,,,
65,155,55,226,60,11,224.1,-71.6,221.2
65,155,60,182,210,19,122.4,-18.3,334.4
65,155,65,230,56,12,222.9,-69.0,243.6
65,155,70,,,,,,
65,155,75,,,,,,
70,90,50,,,,,,
70,90,55,210,126,11,164.1,-57.0,221.2
70,90,60,214,122,11,167.7,-60.7,221.2
70,90,65,216,120,12,169.6,-57.3,243.6
70,90,70,220,116,11,173.2,-66.1,221.2
70,90,75,,,,,,
70,95,50,,,,,,
70,95,55,216,114,12,174.6,-57.3,243.6
70,95,60,218,112,12,176.3,-59.0,243.6
70,95,65,220,108,11,180.5,-66.1,221.2
70,95,70,226,106,12,181.3,-65.6,243.6
70,95,75,,,,,,
70,100,50,204,192,12,109.6,-47.3,243.6
70,100,55,220,108,11,180.5,-66.1,221.2
70,100,60,224,104,12,182.9,-64.0,243.6
70,100,65,226,100,13,185.0,-60.6,262.6
70,100,70,232,98,10,191.5,-84.8,194.4
70,100,75,218,186,14,122.5,-50.5,278.8
70,105,50,,,,,,
70,105,55,216,172,13,129.6,-52.9,262.6
70,105,60,228,92,10,197.5,-80.8,194.4
70,105,65,232,86,13,195.8,-65.2,262.6
70,105,70,234,80,11,205.9,-78.9,221.2
70,105,75,238,78,13,201.9,-69.8,262.6
70,110,50,,,,,,
70,110,55,228,80,11,205.9,-73.4,221.2
70,110,60,234,78,12,204.6,-72.3,243.6
70,110,65,236,72,12,209.6,-74.0,243.6
70,110,70,240,68,13,209.6,-71.3,262.6
70,110,75,244,64,13,212.7,-74.4,262.6
70,115,50,222,88,11,198.6,-68.0,221.2
70,115,55,232,72,11,213.2,-77.0,221.2
70,115,60,236,68,12,212.9,-74.0,243.6
70,115,65,240,62,12,217.9,-77.3,243.6
70,115,70,244,58,12,221.2,-80.6,243.6
70,115,75,250,54,15,213.7,-68.5,292.9
70,120,50,228,76,11,209.5,-73.4,221.2
70,120,55,236,60,11,224.1,-80.7,221.2
70,120,60,240,56,11,227.7,-84.3,221.2
70,120,65,232,128,15,164.3,-56.5,292.9
70,120,70,250,46,13,226.5,-79.0,262.6
70,120,75,254,38,13,232.7,-82.1,262.6
70,125,50,224,132,13,160.4,-59.0,262.6
70,125,55,240,52,10,237.5,-92.8,194.4
70,125,60,244,48,13,225.0,-74.4,262.6
70,125,65,248,38,14,228.2,-72.0,278.8
70,125,70,252,34,13,235.8,-80.6,262.6
70,125,75,256,28,13,240.4,-83.7,262.6
70,130,50,236,54,11,229.5,-80.7,221.2
70,130,55,242,42,11,240.4,-86.1,221.2
70,130,60,248,36,11,245.9,-91.6,221.2
70,130,65,250,30,12,244.6,-85.6,243.6
70,130,70,254,24,13,243.4,-82.1,262.6
70,130,75,258,18,13,248.1,-85.2,262.6
70,135,50,,,,,,
70,135,55,192,228,16,102.2,-28.0,305.2
70,135,60,192,230,11,69.6,-40.7,221.2
70,135,65,192,228,16,102.2,-28.0,305.2
70,135,70,256,16,12,256.2,-90.6,243.6
70,135,75,260,12,12,259.6,-94.0,243.6
70,140,50,200,206,17,119.1,-31.0,316.1
70,140,55,196,214,11,84.1,-44.3,221.2
70,140,60,198,210,15,109.7,-33.8,292.9
70,140,65,194,214,11,84.1,-42.5,221.2
70,140,70,194,214,13,97.3,-36.0,262.6
70,140,75,,,,,,
70,145,50,228,208,12,96.3,-67.3,243.6
70,145,55,242,82,11,204.1,-86.1,221.2
70,145,60,200,198,13,109.6,-40.6,262.6
70,145,65,200,198,13,109.6,-40.6,262.6
70,145,70,206,208,16,114.7,-36.7,305.2
70,145,75,,,,,,
70,150,50,234,88,10,201.5,-86.8,194.4
70,150,55,244,76,12,206.2,-80.6,243.6
70,150,60,204,192,11,104.1,-51.6,221.2
70,150,65,,,,,,
70,150,70,,,,,,
70,150,75,,,,,,
70,155,50,,,,,,
70,155,55,232,186,12,114.6,-70.6,243.6
70,155,60,,,,,,
70,155,65,,,,,,
70,155,70,,,,,,
70,155,75,188,210,19,122.4,-21.4,334.4
75,90,50,202,216,16,109.7,-34.2,305.2
75,90,55,222,132,11,158.6,-68.0,221.2
75,90,60,226,128,11,162.3,-71.6,221.2
75,90,65,230,126,12,164.6,-69.0,243.6
75,90,70,232,122,12,167.9,-70.6,243.6
75,90,75,,,,,,
75,95,50,,,,,,
75,95,55,226,120,11,169.6,-71.6,221.2
75,95,60,230,118,12,171.3,-69.0,243.6
75,95,65,236,116,12,172.9,-74.0,243.6
75,95,70,238,114,13,174.2,-69.8,262.6
75,95,75,246,108,11,180.5,-89.8,221.2
75,100,50,,,,,,
75,100,55,,,,,,
75,100,60,236,108,11,180.5,-80.7,221.2
75,100,65,240,104,12,182.9,-77.3,243.6
75,100,70,244,102,11,185.9,-88.0,221.2
75,100,75,,,,,,
75,105,50,216,182,10,107.5,-68.8,194.4
75,105,55,240,100,11,187.7,-84.3,221.2
75,105,60,242,96,11,191.4,-86.1,221.2
75,105,65,248,92,12,192.9,-84.0,243.6
75,105,70,252,88,13,194.2,-80.6,262.6
75,105,75,256,84,13,197.3,-83.7,262.6
75,110,50,220,168,11,125.9,-66.1,221.2
75,110,55,244,88,11,198.6,-88.0,221.2
75,110,60,248,84,12,199.6,-84.0,243.6
75,110,65,252,78,13,201.9,-80.6,262.6
75,110,70,258,74,13,205.0,-85.2,262.6
75,110,75,262,70,14,205.4,-82.0,278.8
75,115,50,234,96,11,191.4,-78.9,221.2
75,115,55,244,80,11,205.9,-88.0,221.2
75,115,60,252,74,12,207.9,-87.3,243.6
75,115,65,256,70,12,211.2,-90.6,243.6
75,115,70,260,64,14,209.6,-80.5,278.8
75,115,75,268,60,13,215.8,-92.9,262.6
75,120,50,240,84,11,202.3,-84.3,221.2
75,120,55,250,68,12,212.9,-85.6,243.6
75,120,60,256,64,11,220.4,-98.9,221.2
75,120,65,262,58,12,221.2,-95.6,243.6
75,120,70,266,52,13,221.9,-91.3,262.6
75,120,75,272,46,14,222.5,-89.1,278.8
75,125,50,,,,,,
75,125,55,254,58,11,225.9,-97.0,221.2
75,125,60,260,52,12,226.2,-94.0,243.6
75,125,65,266,48,12,229.6,-99.0,243.6
75,125,70,270,42,13,229.6,-94.4,262.6
75,125,75,274,36,14,229.6,-90.5,278.8
75,130,50,240,126,12,164.6,-77.3,243.6
75,130,55,,,,,,
75,130,60,,,,,,
75,130,65,,,,,,
75,130,70,,,,,,
75,130,75,278,28,12,246.2,-109.0,243.6
75,135,50,,,,,,
75,135,55,,,,,,
75,135,60,254,102,13,183.5,-82.1,262.6
75,135,65,168,230,10,59.6,-20.8,194.4
75,135,70,,,,,,
75,135,75,,,,,,
75,140,50,192,228,17,106.2,-26.3,316.1
75,140,55,204,216,16,109.7,-35.5,305.2
75,140,60,178,212,11,85.9,-28.0,221.2
75,140,65,206,214,18,117.5,-32.6,325.8
75,140,70,204,216,17,113.3,-33.4,316.1
75,140,75,,,,,,
75,145,50,250,92,11,195.0,-93.4,221.2
75,145,55,218,208,12,96.3,-59.0,243.6
75,145,60,206,204,11,93.2,-53.4,221.2
75,145,65,214,208,14,106.8,-47.7,278.8
75,145,70,234,220,12,86.3,-72.3,243.6
75,145,75,,,,,,
75,150,50,228,194,16,123.5,-50.5,305.2
75,150,55,212,186,16,128.5,-40.5,305.2
75,150,60,216,196,12,106.3,-57.3,243.6
75,150,65,216,198,11,98.7,-62.5,221.2
75,150,70,,,,,,
75,150,75,,,,,,
75,155,50,,,,,,
75,155,55,242,192,12,109.6,-79.0,243.6
75,155,60,238,188,14,121.1,-64.8,278.8
75,155,65,194,216,17,113.3,-27.5,316.1
75,155,70,268,66,13,211.1,-92.9,262.6
75,155,75,194,222,13,91.2,-36.0,262.6
80,90,50,,,,,,
80,90,55,232,138,11,153.2,-77.0,221.2
80,90,60,236,136,11,155.0,-80.7,221.2
80,90,65,240,132,12,159.6,-77.3,243.6
80,90,70,246,132,13,160.4,-76.0,262.6
80,90,75,224,222,13,91.2,-59.0,262.6
80,95,50,226,138,11,153.2,-71.6,221.2
80,95,55,236,126,11,164.1,-80.7,221.2
80,95,60,244,124,12,166.3,-80.6,243.6
80,95,65,,,,,,
80,95,70,,,,,,
80,95,75,,,,,,
80,100,50,230,128,11,162.3,-75.2,221.2
80,100,55,244,116,12,172.9,-80.6,243.6
80,100,60,,,,,,
80,100,65,,,,,,
80,100,70,234,192,13,114.3,-66.7,262.6
80,100,75,242,194,14,116.8,-67.7,278.8
80,105,50,238,118,11,171.4,-82.5,221.2
80,105,55,250,104,11,184.1,-93.4,221.2
80,105,60,256,102,12,184.6,-90.6,243.6
80,105,65,240,178,12,121.3,-77.3,243.6
80,105,70,,,,,,
80,105,75,252,182,14,125.4,-74.8,278.8
80,110,50,244,108,11,180.5,-88.0,221.2
80,110,55,256,96,11,191.4,-98.9,221.2
80,110,60,262,90,12,194.6,-95.6,243.6
80,110,65,268,86,12,197.9,-100.6,243.6
80,110,70,272,80,14,198.2,-89.1,278.8
80,110,75,258,166,13,134.3,-85.2,262.6
80,115,50,248,100,11,187.7,-91.6,221.2
80,115,55,260,84,12,199.6,-94.0,243.6
80,115,60,268,80,12,202.9,-100.6,243.6
80,115,65,272,76,13,203.5,-96.0,262.6
80,115,70,,,,,,
80,115,75,264,154,14,145.4,-83.4,278.8
80,120,50,242,152,12,142.9,-79.0,243.6
80,120,55,254,144,13,151.2,-82.1,262.6
80,120,60,272,70,11,215.0,-113.4,221.2
80,120,65,276,64,10,225.5,-128.8,194.4
80,120,70,284,60,13,215.8,-105.2,262.6
80,120,75,,,,,,
80,125,50,,,,,,
80,125,55,270,64,11,220.4,-111.6,221.2
80,125,60,276,62,10,227.5,-128.8,194.4
80,125,65,,,,,,
80,125,70,290,52,15,215.0,-95.2,292.9
80,125,75,294,46,13,226.5,-112.9,262.6
80,130,50,,,,,,
80,130,55,,,,,,
80,130,60,,,,,,
80,130,65,,,,,,
80,130,70,,,,,,
80,130,75,298,36,13,234.2,-116.0,262.6
80,135,50,254,124,12,166.3,-89.0,243.6
80,135,55,266,114,14,173.9,-84.8,278.8
80,135,60,,,,,,
80,135,65,288,40,11,242.3,-128.0,221.2
80,135,70,292,34,11,247.7,-131.6,221.2
80,135,75,300,28,12,246.2,-127.3,243.6
80,140,50,266,58,10,231.5,-118.8,194.4
80,140,55,214,218,14,99.7,-47.7,278.8
80,140,60,212,218,14,99.7,-46.2,278.8
80,140,65,290,30,12,244.6,-119.0,243.6
80,140,70,296,26,10,263.5,-148.8,194.4
80,140,75,302,20,12,252.9,-129.0,243.6
80,145,50,232,216,13,95.8,-65.2,262.6
80,145,55,216,206,14,108.2,-49.1,278.8
80,145,60,216,206,15,112.4,-45.8,292.9
80,145,65,214,208,11,89.6,-60.7,221.2
80,145,70,214,208,10,81.5,-66.8,194.4
80,145,75,,,,,,
80,150,50,,,,,,
80,150,55,272,90,11,196.8,-113.4,221.2
80,150,60,274,86,12,197.9,-105.6,243.6
80,150,65,226,202,14,111.1,-56.2,278.8
80,150,70,284,80,13,200.4,-105.2,262.6
80,150,75,,,,,,
80,155,50,,,,,,
80,155,55,272,82,12,201.2,-104.0,243.6
80,155,60,242,200,17,122.7,-55.7,316.1
80,155,65,248,200,12,102.9,-84.0,243.6
80,155,70,200,216,19,119.2,-27.8,334.4
80,155,75,,,,,,
85,90,50,230,152,11,140.5,-75.2,221.2
85,90,55,244,144,10,145.5,-96.8,194.4
85,90,60,248,140,12,152.9,-84.0,243.6
85,90,65,254,140,13,154.2,-82.1,262.6
85,90,70,,,,,,
85,90,75,230,226,12,81.3,-69.0,243.6
85,95,50,236,140,11,151.4,-80.7,221.2
85,95,55,250,132,11,158.6,-93.4,221.2
85,95,60,256,128,11,162.3,-98.9,221.2
85,95,65,236,210,13,100.4,-68.3,262.6
85,95,70,,,,,,
85,95,75,242,218,16,108.5,-59.2,305.2
85,100,50,,,,,,
85,100,55,256,122,12,167.9,-90.6,243.6
85,100,60,258,120,11,169.6,-100.7,221.2
85,100,65,,,,,,
85,100,70,,,,,,
85,100,75,250,202,12,101.3,-85.6,243.6
85,105,50,248,126,11,164.1,-91.6,221.2
85,105,55,264,112,11,176.8,-106.1,221.2
85,105,60,,,,,,
85,105,65,,,,,,
85,105,70,,,,,,
85,105,75,262,192,14,118.2,-82.0,278.8
85,110,50,254,114,11,175.0,-97.0,221.2
85,110,55,272,104,10,185.5,-124.8,194.4
85,110,60,276,100,12,186.3,-107.3,243.6
85,110,65,260,174,13,128.1,-86.7,262.6
85,110,70,,,,,,
85,110,75,268,172,12,126.3,-100.6,243.6
85,115,50,246,170,11,124.1,-89.8,221.2
85,115,55,278,94,11,193.2,-118.9,221.2
85,115,60,280,88,11,198.6,-120.7,221.2
85,115,65,288,84,12,199.6,-117.3,243.6
85,115,70,298,82,11,204.1,-137.0,221.2
85,115,75,,,,,,
85,120,50,268,96,10,193.5,-120.8,194.4
85,120,55,280,84,11,202.3,-120.7,221.2
85,120,60,288,80,11,205.9,-128.0,221.2
85,120,65,296,76,13,203.5,-114.4,262.6
85,120,70,302,70,13,208.1,-119.0,262.6
85,120,75,310,62,17,203.8,-95.7,316.1
85,125,50,,,,,,
85,125,55,284,74,11,211.4,-124.3,221.2
85,125,60,,,,,,
85,125,65,,,,,,
85,125,70,,,,,,
85,125,75,276,172,10,117.5,-128.8,194.4
85,130,50,274,82,11,204.1,-115.2,221.2
85,130,55,288,66,11,218.6,-128.0,221.2
85,130,60,298,62,12,217.9,-125.6,243.6
85,130,65,304,56,12,222.9,-130.6,243.6
85,130,70,,,,,,
85,130,75,316,46,12,231.2,-140.6,243.6
85,135,50,278,74,11,211.4,-118.9,221.2
85,135,55,292,60,12,219.6,-120.6,243.6
85,135,60,284,120,12,169.6,-114.0,243.6
85,135,65,306,48,12,229.6,-132.3,243.6
85,135,70,,,,,,
85,135,75,320,40,14,226.8,-123.4,278.8
85,140,50,,,,,,
85,140,55,,,,,,
85,140,60,218,226,12,81.3,-59.0,243.6
85,140,65,220,224,15,100.4,-48.5,292.9
85,140,70,298,110,17,175.6,-88.7,316.1
85,140,75,,,,,,
85,145,50,,,,,,
85,145,55,298,46,11,236.8,-137.0,221.2
85,145,60,302,42,11,240.4,-140.7,221.2
85,145,65,232,220,12,86.3,-70.6,243.6
85,145,70,,,,,,
85,145,75,202,220,14,98.2,-39.1,278.8
85,150,50,,,,,,
85,150,55,284,96,11,191.4,-124.3,221.2
85,150,60,252,216,13,95.8,-80.6,262.6
85,150,65,250,214,17,114.4,-60.4,316.1
85,150,70,314,26,10,263.5,-166.8,194.4
85,150,75,,,,,,
85,155,50,218,202,14,111.1,-50.5,278.8
85,155,55,286,94,12,191.3,-115.6,243.6
85,155,60,288,88,12,196.2,-117.3,243.6
85,155,65,308,28,11,253.2,-146.1,221.2
85,155,70,302,86,14,193.9,-110.5,278.8
85,155,75,304,86,17,189.7,-92.2,316.1
